"名称","住所","linkNo","遺跡番号","地図","遺跡名","いせきめい","所在地","種別","時代","立地","遺跡概況","備考","市町村C","経度","緯度","分類"
"","","0","","","","","","","","","","","","135.226224787589","34.1733988256503","引出し線"
"","","0","","","","","","","","","","","","135.225895118201","34.1724932775887","引出し線"
"","","0","","","","","","","","","","","","135.226751005954","34.1732876443497","引出し線"
"","","0","","","","","","","","","","","","135.22554757514","34.1728381607433","引出し線"
"","","0","","","","","","","","","","","","135.329333825961","34.2095380105315","引出し線"
"","","0","","","","","","","","","","","","135.203734969904","34.0564163554738","引出し線"
"","","0","","","","","","","","","","","","135.204436511552","34.0562927112877","引出し線"
"","","0","","","","","","","","","","","","135.206204241451","34.0540835699242","引出し線"
"","","0","","","","","","","","","","","","135.205237737781","34.0542711535174","引出し線"
"","","0","","","","","","","","","","","","135.204729973779","34.0548521245865","引出し線"
"","","0","","","","","","","","","","","","135.20571239051","34.055099378464","引出し線"
"","","0","","","","","","","","","","","","135.226100218639","34.1716942340247","引出し線"
"","","0","","","","","","","","","","","","135.206418557201","34.1731049119796","引出し線"
"","","0","","","","","","","","","","","","135.297153187468","34.2313390503895","引出し線"
"","","0","","","","","","","","","","","","135.297052527619","34.2309709131436","引出し線"
"","","0","","","","","","","","","","","","135.296841814232","34.2305332272861","引出し線"
"","","0","","","","","","","","","","","","135.296097782549","34.2302044722587","引出し線"
"","","0","","","","","","","","","","","","135.329686003786","34.2094956144264","引出し線"
"","","0","","","","","","","","","","","","135.330084975176","34.2091362141409","引出し線"
"","","0","","","","","","","","","","","","135.328816220828","34.2094129126658","引出し線"
"","","0","","","","","","","","","","","","135.328720029077","34.2087260343022","引出し線"
"","","0","","","","","","","","","","","","135.380074383093","33.6534010237877","引出し線"
"","","0","","","","","","","","","","","","135.380472966775","33.6532839078804","引出し線"
"","","0","","","","","","","","","","","","135.596457715912","34.3175624564089","引出し線"
"","","0","","","","","","","","","","","","135.597254027781","34.3177458189927","引出し線"
"","","0","","","","","","","","","","","","135.597575153667","34.3176026420944","引出し線"
"","","0","","","","","","","","","","","","135.597837190044","34.3175152428156","引出し線"
"","","0","","","","","","","","","","","","135.597970856192","34.3172175067905","引出し線"
"","","0","","","","","","","","","","","","135.597773797823","34.3169425388618","引出し線"
"","","0","","","","","","","","","","","","135.59750921878","34.3169607529626","引出し線"
"","","0","","","","","","","","","","","","135.124937978986","33.898187387053","引出し線"
"","","0","","","","","","","","","","","","135.125050471002","33.8972221958401","引出し線"
"","","0","","","","","","","","","","","","135.124175157226","33.8972177649085","引出し線"
"","","0","","","","","","","","","","","","135.139692901618","33.9033970950943","引出し線"
"","","0","","","","","","","","","","","","135.298480669531","33.770686641653","引出し線"
"","","0","","","","","","","","","","","","135.29844193227","33.7699429526752","引出し線"
"","","0","","","","","","","","","","","","135.296746604362","33.7699626110822","引出し線"
"","","0","","","","","","","","","","","","135.32948426127","33.7622896745567","引出し線"
"","","0","","","","","","","","","","","","135.330429567813","33.7614106189394","引出し線"
"","","0","","","","","","","","","","","","135.33079101572","33.76177498735","引出し線"
"","","0","","","","","","","","","","","","135.330515025474","33.7624260081376","引出し線"
"","","0","","","","","","","","","","","","135.330909184897","33.7623959889237","引出し線"
"","","0","","","","","","","","","","","","136.001501010148","36.0003043767783","引出し線"
"","","0","","","","","","","","","","","","136.001501005921","36.0003043754635","引出し線"
"","","0","","","","","","","","","","","","136.001501016752","36.0003043813794","引出し線"
"","","0","","","","","","","","","","","","136.001501001344","36.0003043761806","引出し線"
"","","0","","","","","","","","","","","","136.001501014462","36.000304378272","引出し線"
"","","0","","","","","","","","","","","","135.323156110136","33.7715396366378","引出し線"
"","","0","","","","","","","","","","","","135.32291917445","33.7712071302108","引出し線"
"","","0","","","","","","","","","","","","135.322577885673","33.7710355665867","引出し線"
"","","0","","","","","","","","","","","","135.322206799279","33.7708767666998","引出し線"
"","","0","","","","","","","","","","","","135.321798221925","33.770965835882","引出し線"
"","","0","","","","","","","","","","","","135.281051589138","33.7778428153463","引出し線"
"","","0","","","","","","","","","","","","135.281347742361","33.7772720061261","引出し線"
"","","0","","","","","","","","","","","","135.28160226894","33.7768985713524","引出し線"
"","","0","","","","","","","","","","","","135.282730934838","33.7768877784252","引出し線"
"","","0","","","","","","","","","","","","135.282762389307","33.7777746646358","引出し線"
"","","0","","","","","","","","","","","","135.282684418497","33.7781395560866","引出し線"
"","","0","","","","","","","","","","","","135.282337427389","33.7787846919026","引出し線"
"","","0","","","","","","","","","","","","135.281732575702","33.7790011418339","引出し線"
"","","0","","","","","","","","","","","","135.269601157024","34.2679720980349","引出し線"
"","","0","","","","","","","","","","","","135.6007473313","34.3156303822685","引出し線"
"","","0","","","","","","","","","","","","135.601541662198","34.3154938655221","引出し線"
"","","0","","","","","","","","","","","","135.602493019992","34.316440523796","引出し線"
"","","0","","","","","","","","","","","","135.601931637158","34.3169742634196","引出し線"
"","","0","","","","","","","","","","","","135.141835277237","33.9062007569114","引出し線"
"","","0","","","","","","","","","","","","135.14110991159","33.9038376574251","引出し線"
"","","0","","","","","","","","","","","","135.314989870237","33.7779030142109","引出し線"
"","","0","","","","","","","","","","","","135.166442780584","33.926635260863","引出し線"
"","","0","","","","","","","","","","","","135.16615017789","33.9275471935111","引出し線"
"","","0","","","","","","","","","","","","135.165650682645","33.9262689881684","引出し線"
"","","0","","","","","","","","","","","","135.165566334009","33.9254000362124","引出し線"
"","","0","","","","","","","","","","","","135.164484913718","33.9250611894351","引出し線"
"","","0","","","","","","","","","","","","135.169686752975","33.9205435895299","引出し線"
"","","0","","","","","","","","","","","","135.160909013325","33.913772266177","引出し線"
"","","0","","","","","","","","","","","","135.160211582901","33.9124897893719","引出し線"
"","","0","","","","","","","","","","","","135.159428806466","33.9127334340805","引出し線"
"","","0","","","","","","","","","","","","135.159416296149","33.9137161668426","引出し線"
"","","0","","","","","","","","","","","","135.159959164361","33.9137282199165","引出し線"
"","","0","","","","","","","","","","","","135.160521210196","33.9126597781762","引出し線"
"","","0","","","","","","","","","","","","135.156229332649","33.9122930845644","引出し線"
"","","0","","","","","","","","","","","","135.160430732802","33.9098645103533","引出し線"
"","","0","","","","","","","","","","","","135.167257220184","33.911458849695","引出し線"
"","","0","","","","","","","","","","","","135.169287597281","33.8880037369636","引出し線"
"","","0","","","","","","","","","","","","135.162642106805","33.8793797524638","引出し線"
"","","0","","","","","","","","","","","","135.161887900489","33.8790359402949","引出し線"
"","","0","","","","","","","","","","","","135.162077760345","33.8784406411067","引出し線"
"","","0","","","","","","","","","","","","135.162256500019","33.8792691986883","引出し線"
"","","0","","","","","","","","","","","","135.164674401132","33.8787035817368","引出し線"
"","","0","","","","","","","","","","","","135.165395075179","33.8779160398705","引出し線"
"","","0","","","","","","","","","","","","135.165148487893","33.876823966843","引出し線"
"","","0","","","","","","","","","","","","135.163208472217","33.8792920655985","引出し線"
"","","0","","","","","","","","","","","","135.164805431461","33.8783092469244","引出し線"
"","","0","","","","","","","","","","","","135.167260418732","33.8805966568364","引出し線"
"","","0","","","","","","","","","","","","135.161569613964","33.8774657915681","引出し線"
"","","0","","","","","","","","","","","","135.164035439009","33.8750405103208","引出し線"
"","","0","","","","","","","","","","","","135.164060173655","33.8764730888043","引出し線"
"","","0","","","","","","","","","","","","135.16173957349","33.8779971710087","引出し線"
"","","0","","","","","","","","","","","","135.162103565017","33.8771460755832","引出し線"
"","","0","","","","","","","","","","","","135.164403957767","33.8775809399465","引出し線"
"","","0","","","","","","","","","","","","135.177418182151","33.8727806347663","引出し線"
"","","0","","","","","","","","","","","","135.17683716066","33.872755285665","引出し線"
"","","0","","","","","","","","","","","","135.176358102279","33.8726921854972","引出し線"
"","","0","","","","","","","","","","","","135.175893207109","33.8727764099514","引出し線"
"","","0","","","","","","","","","","","","135.175331179437","33.872783384922","引出し線"
"","","0","","","","","","","","","","","","135.174857268048","33.8729949074604","引出し線"
"","","0","","","","","","","","","","","","135.173609454145","33.8718289824839","引出し線"
"","","0","","","","","","","","","","","","135.174120973211","33.8719626054045","引出し線"
"","","0","","","","","","","","","","","","135.164110235178","33.8564862783469","引出し線"
"","","0","","","","","","","","","","","","135.170795045215","33.8469424034344","引出し線"
"","","0","","","","","","","","","","","","135.168615076892","33.8463818968913","引出し線"
"","","0","","","","","","","","","","","","135.168206047779","33.8461071897909","引出し線"
"","","0","","","","","","","","","","","","135.168987906509","33.8454435759722","引出し線"
"","","0","","","","","","","","","","","","135.169487027552","33.8455298359045","引出し線"
"","","0","","","","","","","","","","","","135.173349020166","33.8465398149727","引出し線"
"","","0","","","","","","","","","","","","135.173171904194","33.8462285114054","引出し線"
"","","0","","","","","","","","","","","","135.166896953296","33.8565533637368","引出し線"
"","","0","","","","","","","","","","","","135.169798345047","33.9128203713983","引出し線"
"","","0","","","","","","","","","","","","135.125129048791","33.9172171380594","引出し線"
"","","0","","","","","","","","","","","","135.129544326587","33.9249111389868","引出し線"
"","","0","","","","","","","","","","","","135.152911204023","33.9187139885486","引出し線"
"","","0","","","","","","","","","","","","135.232916865354","33.8411569608434","引出し線"
"","","0","","","","","","","","","","","","135.23093845452","33.8047056102048","引出し線"
"","","0","","","","","","","","","","","","135.231721051536","33.8046687400075","引出し線"
"","","0","","","","","","","","","","","","135.232366482028","33.8047920351479","引出し線"
"","","0","","","","","","","","","","","","135.23207772595","33.8037889101884","引出し線"
"","","0","","","","","","","","","","","","135.23264547082","33.8039498865939","引出し線"
"","","0","","","","","","","","","","","","135.233209738444","33.8043619184735","引出し線"
"","","0","","","","","","","","","","","","135.237188814004","33.8034356685755","引出し線"
"","","0","","","","","","","","","","","","135.234748930166","33.7894440405501","引出し線"
"","","0","","","","","","","","","","","","135.23619164502","33.7902527238836","引出し線"
"","","0","","","","","","","","","","","","135.235147056209","33.7906178114981","引出し線"
"","","0","","","","","","","","","","","","135.234600661358","33.7903734829506","引出し線"
"","","0","","","","","","","","","","","","135.234021515944","33.789957189088","引出し線"
"","","0","","","","","","","","","","","","135.337049023672","33.7472321249942","引出し線"
"","","0","","","","","","","","","","","","135.336535131708","33.7462870598568","引出し線"
"","","0","","","","","","","","","","","","135.348015261501","33.7343209779647","引出し線"
"","","0","","","","","","","","","","","","135.347823607863","33.7328575996145","引出し線"
"","","0","","","","","","","","","","","","135.34854942796","33.7320240900447","引出し線"
"","","0","","","","","","","","","","","","135.349359044282","33.7325698861224","引出し線"
"","","0","","","","","","","","","","","","135.383244079888","33.7284006290519","引出し線"
"","","0","","","","","","","","","","","","135.382915234344","33.7293606477737","引出し線"
"","","0","","","","","","","","","","","","135.384612203146","33.7290927876545","引出し線"
"","","0","","","","","","","","","","","","135.384781443736","33.7210246604071","引出し線"
"","","0","","","","","","","","","","","","135.383126337278","33.7350181476313","引出し線"
"","","0","","","","","","","","","","","","135.354029607105","33.7491512091156","引出し線"
"","","0","","","","","","","","","","","","135.165621857062","33.8812850275688","引出し線"
"","","0","","","","","","","","","","","","135.164636678847","33.8805550785352","引出し線"
"","","0","","","","","","","","","","","","135.162713101989","33.8744424277189","引出し線"
"","","0","","","","","","","","","","","","135.161584085253","33.874290021983","引出し線"
"","","0","","","","","","","","","","","","135.160801001669","33.8744080107907","引出し線"
"","","0","","","","","","","","","","","","135.160081532935","33.8748853822081","引出し線"
"","","0","","","","","","","","","","","","135.164792667866","33.8764438665041","引出し線"
"","","0","","","","","","","","","","","","135.165403555802","33.8771413343015","引出し線"
"","","0","","","","","","","","","","","","135.161397789704","33.8765822554918","引出し線"
"","","0","","","","","","","","","","","","135.163895897541","33.8797570990382","引出し線"
"","","0","","","","","","","","","","","","135.163246903869","33.880105474798","引出し線"
"","","0","","","","","","","","","","","","135.237429088718","34.2725979119867","引出し線"
"","","0","","","","","","","","","","","","135.203701045054","34.2693132402332","引出し線"
"","","0","","","","","","","","","","","","135.148826828027","34.2619718638326","引出し線"
"","","0","","","","","","","","","","","","135.176878502652","34.2634914129621","引出し線"
"","","0","","","","","","","","","","","","135.176605448062","34.2632472651462","引出し線"
"","","0","","","","","","","","","","","","135.180370760183","34.2618141580498","引出し線"
"","","0","","","","","","","","","","","","135.185220452375","34.2675608027095","引出し線"
"","","0","","","","","","","","","","","","135.288547297237","34.2364198521853","引出し線"
"","","0","","","","","","","","","","","","135.288895642469","34.2355435488443","引出し線"
"","","0","","","","","","","","","","","","135.289460193081","34.235477907621","引出し線"
"","","0","","","","","","","","","","","","135.289460105563","34.2352283757976","引出し線"
"","","0","","","","","","","","","","","","135.289769287873","34.2358643376054","引出し線"
"","","0","","","","","","","","","","","","135.289452076717","34.2360598438494","引出し線"
"","","0","","","","","","","","","","","","135.289084761509","34.2364668101882","引出し線"
"","","0","","","","","","","","","","","","135.288914320271","34.236663203143","引出し線"
"","","0","","","","","","","","","","","","135.288353880486","34.2351205422378","引出し線"
"","","0","","","","","","","","","","","","135.288099894563","34.2350872986071","引出し線"
"","","0","","","","","","","","","","","","135.287968788533","34.2353653291993","引出し線"
"","","0","","","","","","","","","","","","135.287702318833","34.2352902567638","引出し線"
"","","0","","","","","","","","","","","","135.288477794017","34.236817813632","引出し線"
"","","0","","","","","","","","","","","","135.288769984461","34.2353332037623","引出し線"
"","","0","","","","","","","","","","","","135.288511246723","34.2354912259795","引出し線"
"","","0","","","","","","","","","","","","135.288170621696","34.2369979055982","引出し線"
"","","0","","","","","","","","","","","","135.288372822715","34.2371599739333","引出し線"
"","","0","","","","","","","","","","","","135.287748321063","34.2367816338141","引出し線"
"","","0","","","","","","","","","","","","135.287430992987","34.2367765095649","引出し線"
"","","0","","","","","","","","","","","","135.287710991004","34.235558692606","引出し線"
"","","0","","","","","","","","","","","","135.287371419719","34.2354672669565","引出し線"
"","","0","","","","","","","","","","","","135.28750619803","34.2359560942329","引出し線"
"","","0","","","","","","","","","","","","135.287180437291","34.2356594226637","引出し線"
"","","0","","","","","","","","","","","","135.286978822524","34.2369026898697","引出し線"
"","","0","","","","","","","","","","","","135.287021089108","34.2361941438226","引出し線"
"","","0","","","","","","","","","","","","135.286909669245","34.2366597742937","引出し線"
"","","0","","","","","","","","","","","","135.286679258756","34.2365227638358","引出し線"
"","","0","","","","","","","","","","","","135.287751265428","34.2374796492025","引出し線"
"","","0","","","","","","","","","","","","135.277719707111","34.2311619163072","引出し線"
"","","0","","","","","","","","","","","","135.241900513335","34.1837071795241","引出し線"
"","","0","","","","","","","","","","","","135.216387306613","34.1897709253203","引出し線"
"","","0","","","","","","","","","","","","135.203404903868","34.2041630015692","引出し線"
"","","0","","","","","","","","","","","","135.292081847213","34.2380515247802","引出し線"
"","","0","","","","","","","","","","","","135.290659037727","34.2375811326325","引出し線"
"","","0","","","","","","","","","","","","135.291953720121","34.2377289955966","引出し線"
"","","0","","","","","","","","","","","","135.291243390346","34.2381967217252","引出し線"
"","","0","","","","","","","","","","","","135.293119683359","34.2366283085833","引出し線"
"","","0","","","","","","","","","","","","135.234410725032","34.2724126358106","引出し線"
"","","0","","","","","","","","","","","","135.238123861156","34.2254755288686","引出し線"
"","","0","","","","","","","","","","","","135.238463645004","34.2259556624322","引出し線"
"","","0","","","","","","","","","","","","135.238878961235","34.2266136748991","引出し線"
"","","0","","","","","","","","","","","","135.242486542665","34.2272372381933","引出し線"
"","","0","","","","","","","","","","","","135.172785828272","34.2359376408124","引出し線"
"","","0","","","","","","","","","","","","135.172516233034","34.2349325026496","引出し線"
"","","0","","","","","","","","","","","","135.220959060436","34.1893412711349","引出し線"
"","","0","","","","","","","","","","","","135.222435162618","34.1904426346213","引出し線"
"","","0","","","","","","","","","","","","135.177644532304","34.265794879169","引出し線"
"","","0","","","","","","","","","","","","135.178226599093","34.2665539043015","引出し線"
"","","0","","","","","","","","","","","","135.177192520022","34.2647630248387","引出し線"
"","","0","","","","","","","","","","","","135.177669345165","34.26374052438","引出し線"
"","","0","","","","","","","","","","","","135.17837555753","34.2611380706683","引出し線"
"","","0","","","","","","","","","","","","135.178435207959","34.2626374853513","引出し線"
"","","0","","","","","","","","","","","","135.17618789139","34.2622171031439","引出し線"
"","","0","","","","","","","","","","","","135.177047551195","34.261764261279","引出し線"
"","","0","","","","","","","","","","","","135.176774400448","34.2611970988021","引出し線"
"","","0","","","","","","","","","","","","135.176700178912","34.2625636451445","引出し線"
"","","0","","","","","","","","","","","","135.188463632643","34.2645962875784","引出し線"
"","","0","","","","","","","","","","","","135.185371054263","34.2636503888527","引出し線"
"","","0","","","","","","","","","","","","135.185873682382","34.2640650108307","引出し線"
"","","0","","","","","","","","","","","","135.186349382775","34.2631848472971","引出し線"
"","","0","","","","","","","","","","","","135.223246535093","34.273381072126","引出し線"
"","","0","","","","","","","","","","","","135.225382733602","34.2727902581618","引出し線"
"","","0","","","","","","","","","","","","135.225938991998","34.273552500534","引出し線"
"","","0","","","","","","","","","","","","135.264322912968","34.2772175141023","引出し線"
"","","0","","","","","","","","","","","","135.284510341804","34.2346445450744","引出し線"
"","","0","","","","","","","","","","","","135.284833915574","34.2353213546055","引出し線"
"","","0","","","","","","","","","","","","135.289195342102","34.2328112808025","引出し線"
"","","0","","","","","","","","","","","","135.288129936008","34.233188879753","引出し線"
"","","0","","","","","","","","","","","","135.287537084025","34.232951639791","引出し線"
"","","0","","","","","","","","","","","","135.276644733227","34.2296017537052","引出し線"
"","","0","","","","","","","","","","","","135.277428219687","34.2297561790123","引出し線"
"","","0","","","","","","","","","","","","135.276648922827","34.229093321606","引出し線"
"","","0","","","","","","","","","","","","135.277821140892","34.2289707433778","引出し線"
"","","0","","","","","","","","","","","","135.276848873611","34.2284237063174","引出し線"
"","","0","","","","","","","","","","","","135.278288461303","34.2282783696087","引出し線"
"","","0","","","","","","","","","","","","135.276953181791","34.2281217469303","引出し線"
"","","0","","","","","","","","","","","","135.277134971619","34.2277069627286","引出し線"
"","","0","","","","","","","","","","","","135.277298704109","34.2273936704804","引出し線"
"","","0","","","","","","","","","","","","135.277562397652","34.2270666400564","引出し線"
"","","0","","","","","","","","","","","","135.260185421393","34.2096986810381","引出し線"
"","","0","","","","","","","","","","","","135.258801791383","34.2106608060588","引出し線"
"","","0","","","","","","","","","","","","135.250720849628","34.2023792535761","引出し線"
"","","0","","","","","","","","","","","","135.251585184383","34.2018992906042","引出し線"
"","","0","","","","","","","","","","","","135.250649373712","34.2014568620889","引出し線"
"","","0","","","","","","","","","","","","135.230139373949","34.1986975144335","引出し線"
"","","0","","","","","","","","","","","","135.230036479531","34.1995041294746","引出し線"
"","","0","","","","","","","","","","","","135.229065929947","34.1982275906002","引出し線"
"","","0","","","","","","","","","","","","135.29266856326","34.2370639028131","引出し線"
"","","0","","","","","","","","","","","","135.292126437929","34.2366209840942","引出し線"
"","","0","","","","","","","","","","","","135.161811432764","33.9176736592532","引出し線"
"","","0","","","","","","","","","","","","135.161660042092","33.9180034861823","引出し線"
"","","0","","","","","","","","","","","","135.241536139884","34.1839756379819","引出し線"
"","","0","","","","","","","","","","","","135.258729229755","34.2095564932009","引出し線"
"","","0","","","","","","","","","","","","135.212444421299","34.2300696903944","引出し線"
"","","0","","","","","","","","","","","","135.444475593949","33.7211136110966","引出し線"
"","","0","","","","","","","","","","","","135.439816444949","33.7255083267588","引出し線"
"","","0","","","","","","","","","","","","135.440332722312","33.7265975639622","引出し線"
"","","0","","","","","","","","","","","","135.444537207802","33.7204354804601","引出し線"
"","","0","","","","","","","","","","","","135.173396847061","34.1863163360796","引出し線"
"","","0","","","","","","","","","","","","135.173774214278","34.1866200302015","引出し線"
"","","0","","","","","","","","","","","","135.174404356098","34.1867584508696","引出し線"
"","","0","","","","","","","","","","","","135.583864479715","34.2047722642345","引出し線"
"","","0","","","","","","","","","","","","135.587338679779","34.2032692114589","引出し線"
"","","0","","","","","","","","","","","","135.551182399897","34.2197353713968","引出し線"
"","","0","","","","","","","","","","","","135.598781718974","34.2362243340993","引出し線"
"","","0","","","","","","","","","","","","135.581452310661","34.2301212442838","引出し線"
"","","0","","","","","","","","","","","","135.586307733042","34.2208229229861","引出し線"
"","","0","","","","","","","","","","","","135.582359860348","34.2217587995501","引出し線"
"","","0","","","","","","","","","","","","135.59344425081","34.2341053625586","引出し線"
"","","0","","","","","","","","","","","","135.599060294832","34.2161788494822","引出し線"
"","","0","","","","","","","","","","","","135.176217064164","33.9155246082149","引出し線"
"","","0","","","","","","","","","","","","135.175964989315","33.91522628122","引出し線"
"","","0","","","","","","","","","","","","135.175958991727","33.9149763157876","引出し線"
"","","0","","","","","","","","","","","","135.442975010689","33.7041569708626","引出し線"
"","","0","","","","","","","","","","","","135.985093421728","33.7317521787466","引出し線"
"","","0","","","","","","","","","","","","135.848630545132","33.7521276764536","引出し線"
"","","0","","","","","","","","","","","","135.848070849623","33.7563614383285","引出し線"
"","","0","","","","","","","","","","","","135.847864712198","33.7593378726435","引出し線"
"","","0","","","","","","","","","","","","135.834534352931","33.7783784096327","引出し線"
"","","0","","","","","","","","","","","","135.83242617363","33.805128640433","引出し線"
"","","0","","","","","","","","","","","","135.844466363357","33.8395031691126","引出し線"
"","","0","","","","","","","","","","","","135.205054536561","34.1730626278924","引出し線"
"","","0","","","","","","","","","","","","135.204833316307","34.1730111014785","引出し線"
"","","0","","","","","","","","","","","","135.206035839377","34.1737756531302","引出し線"
"","","0","","","","","","","","","","","","135.205773436772","34.1737542755637","引出し線"
"","","0","","","","","","","","","","","","135.215631920586","34.1477749810308","引出し線"
"","","0","","","","","","","","","","","","135.224646975691","34.1554228844056","引出し線"
"","","0","","","","","","","","","","","","135.223960790288","34.1549578675165","引出し線"
"","","0","","","","","","","","","","","","135.232484861857","34.167635176185","引出し線"
"","","0","","","","","","","","","","","","135.232484151131","34.1672622288511","引出し線"
"","","0","","","","","","","","","","","","135.195392929139","34.114884035925","引出し線"
"","","0","","","","","","","","","","","","135.165955280358","34.1076453347859","引出し線"
"","","0","","","","","","","","","","","","135.16549142626","34.1098255253419","引出し線"
"","","0","","","","","","","","","","","","135.195790522344","34.1246436018422","引出し線"
"","","0","","","","","","","","","","","","135.208364140399","34.1283100347638","引出し線"
"","","0","","","","","","","","","","","","135.208703110357","34.1283065359521","引出し線"
"","","0","","","","","","","","","","","","135.195080702357","34.1285152598227","引出し線"
"","","0","","","","","","","","","","","","135.199560468221","34.1369636803741","引出し線"
"","","0","","","","","","","","","","","","135.199792428495","34.1369037123276","引出し線"
"","","0","","","","","","","","","","","","135.518391771983","34.2855697280971","引出し線"
"","","0","","","","","","","","","","","","135.162698676875","34.0514345439773","引出し線"
"","","0","","","","","","","","","","","","135.161496789369","34.0511082380633","引出し線"
"","","0","","","","","","","","","","","","135.183552040826","34.0282308174392","引出し線"
"","","0","","","","","","","","","","","","135.132965940479","34.0338106698795","引出し線"
"","","0","","","","","","","","","","","","135.131389337529","34.0325433706483","引出し線"
"","","0","","","","","","","","","","","","135.169215537181","34.0245533199511","引出し線"
"","","0","","","","","","","","","","","","135.193331341539","33.9976351524329","引出し線"
"","","0","","","","","","","","","","","","135.179993928759","33.9836678338304","引出し線"
"","","0","","","","","","","","","","","","135.179356166402","33.9836224640743","引出し線"
"","","0","","","","","","","","","","","","135.178242914716","33.9830777573348","引出し線"
"","","0","","","","","","","","","","","","135.182942920054","33.9849578826486","引出し線"
"","","0","","","","","","","","","","","","135.140809620319","33.9346065181817","引出し線"
"","","0","","","","","","","","","","","","135.153590012003","33.9185960941988","引出し線"
"","","0","","","","","","","","","","","","135.153858674423","33.9186289721277","引出し線"
"","","0","","","","","","","","","","","","135.085441071419","33.9222048898434","引出し線"
"","","0","","","","","","","","","","","","135.320562405936","33.7701139969662","引出し線"
"","","0","","","","","","","","","","","","135.277062010363","33.7808967603268","引出し線"
"","","0","","","","","","","","","","","","135.294770628788","33.7724717067316","引出し線"
"","","0","","","","","","","","","","","","135.232859308593","33.8029652874361","引出し線"
"","","0","","","","","","","","","","","","135.232787058973","33.8027358266937","引出し線"
"","","0","","","","","","","","","","","","135.231666796935","33.802238427245","引出し線"
"","","0","","","","","","","","","","","","135.379252971935","33.7402760448365","引出し線"
"","","0","","","","","","","","","","","","135.37890493027","33.7400578501862","引出し線"
"","","0","","","","","","","","","","","","135.378787365638","33.7397887407914","引出し線"
"","","0","","","","","","","","","","","","135.633559144067","33.8284649897682","引出し線"
"","","0","","","","","","","","","","","","135.634620809079","33.8287247199455","引出し線"
"","","0","","","","","","","","","","","","135.634661842187","33.8283018201407","引出し線"
"","","0","","","","","","","","","","","","135.601230522974","33.810354644581","引出し線"
"","","0","","","","","","","","","","","","135.600918775995","33.8106919554425","引出し線"
"","","0","","","","","","","","","","","","135.490286510512","33.7340553700251","引出し線"
"","","0","","","","","","","","","","","","135.773187970014","33.8355109748951","引出し線"
"","","0","","","","","","","","","","","","135.775810118222","33.8385183694044","引出し線"
"","","0","","","","","","","","","","","","135.776247944135","33.8367682085507","引出し線"
"","","0","","","","","","","","","","","","135.721191486747","33.8621023482176","引出し線"
"","","0","","","","","","","","","","","","135.721657859111","33.8614524134997","引出し線"
"","","0","","","","","","","","","","","","135.721633313816","33.8613554248136","引出し線"
"","","0","","","","","","","","","","","","135.72142042959","33.8608164582398","引出し線"
"","","0","","","","","","","","","","","","135.861880815338","33.4702508132201","引出し線"
"","","0","","","","","","","","","","","","135.862276706085","33.4704072315649","引出し線"
"","","0","","","","","","","","","","","","135.862626745701","33.4709081822803","引出し線"
"","","0","","","","","","","","","","","","135.862974888334","33.4700476440305","引出し線"
"","","0","","","","","","","","","","","","135.898558681624","33.6710670571398","引出し線"
"","","0","","","","","","","","","","","","135.900081312044","33.6718447589617","引出し線"
"","","0","","","","","","","","","","","","135.889493317809","33.6691806645909","引出し線"
"","","0","","","","","","","","","","","","135.889565638536","33.6684053862416","引出し線"
"","","0","","","","","","","","","","","","135.890624746281","33.6679482790826","引出し線"
"","","0","","","","","","","","","","","","135.891973561995","33.6689084657163","引出し線"
"","","0","","","","","","","","","","","","135.888946622293","33.6700756296411","引出し線"
"","","0","","","","","","","","","","","","135.891293378741","33.6700967831551","引出し線"
"","","0","","","","","","","","","","","","135.89098060889","33.6685676740701","引出し線"
"","","0","","","","","","","","","","","","135.888415819464","33.6769928775893","引出し線"
"","","0","","","","","","","","","","","","135.889563845027","33.6759428893698","引出し線"
"","","0","","","","","","","","","","","","135.889208891035","33.6759402087618","引出し線"
"","","0","","","","","","","","","","","","135.886051366486","33.676514038119","引出し線"
"","","0","","","","","","","","","","","","135.886340608864","33.6778979896893","引出し線"
"","","0","","","","","","","","","","","","135.935372596999","33.6447225976023","引出し線"
"","","0","","","","","","","","","","","","135.93463732969","33.6442125617209","引出し線"
"","","0","","","","","","","","","","","","135.889986128026","33.6681004943278","引出し線"
"","","0","","","","","","","","","","","","135.871327609625","33.6909716081848","引出し線"
"","","0","","","","","","","","","","","","135.870974032304","33.6908253256205","引出し線"
"","","0","","","","","","","","","","","","135.86965286679","33.6936049118447","引出し線"
"","","0","","","","","","","","","","","","135.52308726628","34.2709623039844","引出し線"
"","","0","","","","","","","","","","","","135.518762052158","34.2686195332332","引出し線"
"","","0","","","","","","","","","","","","135.52052035653","34.2715713271609","引出し線"
"","","0","","","","","","","","","","","","135.528855030668","34.2674819606732","引出し線"
"","","0","","","","","","","","","","","","135.520578362668","34.2823272729493","引出し線"
"","","0","","","","","","","","","","","","135.521765028536","34.2888764337972","引出し線"
"","","0","","","","","","","","","","","","135.519407883544","34.2589815336881","引出し線"
"","","0","","","","","","","","","","","","135.520433619693","34.2586930638321","引出し線"
"","","0","","","","","","","","","","","","135.523036909715","34.2636662525968","引出し線"
"","","0","","","","","","","","","","","","135.548191566172","34.2909886639342","引出し線"
"","","0","","","","","","","","","","","","135.605010296868","34.2736937427147","引出し線"
"","","0","","","","","","","","","","","","135.172140579659","34.0269715562068","引出し線"
"","","0","","","","","","","","","","","","135.171363748984","34.0262019261278","引出し線"
"","","0","","","","","","","","","","","","135.171030088027","34.0251897614328","引出し線"
"","","0","","","","","","","","","","","","135.529254133503","33.7946566789769","引出し線"
"","","0","","","","","","","","","","","","135.529662581997","33.7940725437143","引出し線"
"","","0","","","","","","","","","","","","135.691487670181","33.8462716110464","引出し線"
"","","0","","","","","","","","","","","","135.662410348188","33.8343290661877","引出し線"
"","","0","","","","","","","","","","","","135.642798245148","33.8334966070804","引出し線"
"","","0","","","","","","","","","","","","135.625171560322","33.8252303413103","引出し線"
"","","0","","","","","","","","","","","","135.619100854474","33.8180710091019","引出し線"
"","","0","","","","","","","","","","","","135.550107633372","33.7989830378263","引出し線"
"","","0","","","","","","","","","","","","135.554910200889","33.7989923982465","引出し線"
"","","0","","","","","","","","","","","","135.572005667423","33.8078966072567","引出し線"
"","","0","","","","","","","","","","","","135.577763911234","33.8118020155594","引出し線"
"","","0","","","","","","","","","","","","135.524089342113","33.7883051276648","引出し線"
"","","0","","","","","","","","","","","","135.505200357505","33.7468927250146","引出し線"
"","","0","","","","","","","","","","","","135.504979954865","33.7448877918845","引出し線"
"","","0","","","","","","","","","","","","135.504985567075","33.7439134653164","引出し線"
"","","0","","","","","","","","","","","","135.707613769875","33.8565834038341","引出し線"
"","","0","","","","","","","","","","","","135.795659891776","33.8640736062775","引出し線"
"","","0","","","","","","","","","","","","135.796235166683","33.8666044416795","引出し線"
"","","0","","","","","","","","","","","","135.79688453973","33.4859102557635","引出し線"
"","","0","","","","","","","","","","","","135.871539620913","33.6776358834724","引出し線"
"","","0","","","","","","","","","","","","135.894074725664","33.6709164188558","引出し線"
"","","0","","","","","","","","","","","","135.852592587689","33.7148661537128","引出し線"
"","","0","","","","","","","","","","","","135.852494672593","33.7151174485571","引出し線"
"","","0","","","","","","","","","","","","135.85216557414","33.7158830989857","引出し線"
"","","0","","","","","","","","","","","","135.72193427827","33.8587552307922","引出し線"
"","","0","","","","","","","","","","","","135.888163258109","33.6768623484021","引出し線"
"","","0","","","","","","","","","","","","135.891358732387","33.6722492529795","引出し線"
"","","0","","","","","","","","","","","","135.520478165228","34.272652255315","引出し線"
"","","0","","","","","","","","","","","","135.520095724969","34.2738579513615","引出し線"
"","","0","","","","","","","","","","","","135.18079945382","33.9843918381996","引出し線"
"","","0","","","","","","","","","","","","135.17956664386","33.984658256898","引出し線"
"","","0","","","","","","","","","","","","135.178213071741","33.9823467585062","引出し線"
"","","0","","","","","","","","","","","","135.739119894067","33.8593445018128","引出し線"
"","","0","","","","","","","","","","","","135.741536074038","33.8589892116089","引出し線"
"","","0","","","","","","","","","","","","135.759699483511","33.8600097942403","引出し線"
"","","0","","","","","","","","","","","","135.762393820291","33.8581747191917","引出し線"
"","","0","","","","","","","","","","","","135.763779611288","33.8570565325509","引出し線"
"","","0","","","","","","","","","","","","135.76696009346","33.8470795476748","引出し線"
"","","0","","","","","","","","","","","","135.769275993259","33.843450069786","引出し線"
"","","0","","","","","","","","","","","","135.756393837268","33.8287966434064","引出し線"
"","","0","","","","","","","","","","","","135.756383586208","33.8284880359949","引出し線"
"","","0","","","","","","","","","","","","135.887440548172","33.673710575229","引出し線"
"","","0","","","","","","","","","","","","135.384058362358","33.7301268502294","引出し線"
"","","0","","","","","","","","","","","","135.384407276796","33.730523896407","引出し線"
"","","0","","","","","","","","","","","","135.2407760668","34.275840243906","引出し線"
"","","0","","","","","","","","","","","","135.240707048546","34.2751969091241","引出し線"
"","","0","","","","","","","","","","","","135.240570809661","34.2744077700054","引出し線"
"","","0","","","","","","","","","","","","135.240479067968","34.2738509329854","引出し線"
"","","0","","","","","","","","","","","","135.851036318787","33.7194465958458","引出し線"
